epoch,time,train/box_loss,train/cls_loss,train/dfl_loss,metrics/precision(B),metrics/recall(B),metrics/mAP50(B),metrics/mAP50-95(B),val/box_loss,val/cls_loss,val/dfl_loss,lr/pg0,lr/pg1,lr/pg2
1,45.5613,1.10809,2.13558,1.30904,0.8004,0.7237,0.82557,0.57813,1.08987,1.40251,1.24666,0.000415039,0.000415039,0.000415039
2,84.1726,1.11444,1.44218,1.26697,0.85448,0.82219,0.8839,0.61088,1.07918,0.99354,1.22813,0.000815238,0.000815238,0.000815238
3,121.146,1.12313,1.21123,1.26189,0.83669,0.6802,0.82844,0.59397,1.09906,1.11578,1.27252,0.00119894,0.00119894,0.00119894
4,160.11,1.08741,1.08802,1.24227,0.85008,0.88524,0.92429,0.67697,1.01661,0.90523,1.13734,0.00117575,0.00117575,0.00117575
